id,conversation_id,created_at,date,timezone,place,tweet,language,hashtags,cashtags,user_id,user_id_str,username,name,day,hour,link,urls,photos,video,thumbnail,retweet,nlikes,nreplies,nretweets,quote_url,search,near,geo,source,user_rt_id,user_rt,retweet_id,reply_to,retweet_date,translate,trans_src,trans_dest
1487803136332820481,1487803136332820481,1643554884000.0,2022-01-30 20:31:24,+0530,,"Trending on LunarCrush:  ""Bitcoin Price $BTC above 38K! Bear Market Over? Look at US Equities!"" Via @CryptotickerIo  Top coin mentions $btc  Top influencers @CryptotickerIo @how_kei  24-hour mentions 3    https://t.co/DS5Oa4WJE8  https://t.co/DS5Oa4WJE8",en,[],"['btc', 'btc']",1458284645678972928,1458284645678972928,Linh322984430,Linh3,7,20,https://twitter.com/Linh322984430/status/1487803136332820481,"['https://lnr.app/s/vMvo7y', 'https://lnr.app/s/vMvo7y']",[],0,,False,0,0,0,,bitcoin,,,,,,,[],,,,
1487803133526900739,1487803133526900739,1643554883000.0,2022-01-30 20:31:23,+0530,,A very big thankyou to @Tradeosiann  for giving me tip about #MATIC and #Bitcoin rise as i got a lot  profit in my portfolio after long days. A huge thankyou to you. #trading #BAT $TOMO $AXS #THETA $THETA #NFT #BTC #DOGE #USDT‚Ç¨,en,"['matic', 'bitcoin', 'trading', 'bat', 'theta', 'nft', 'btc', 'doge', 'usdt']","['tomo', 'axs', 'theta']",1479379226453168129,1479379226453168129,CryptoVihat,Crypto Vihat,7,20,https://twitter.com/CryptoVihat/status/1487803133526900739,[],[],0,,False,0,0,0,,bitcoin,,,,,,,[],,,,
1487803115659223042,1487803115659223042,1643554879000.0,2022-01-30 20:31:19,+0530,,di me habeis visto responder a cosas de bitcoin es porq me hackearon la cuenta diento q hayan visto eso,es,[],[],750081932873109504,750081932873109504,CANNTlBAL,xoan enjoyer,7,20,https://twitter.com/CANNTlBAL/status/1487803115659223042,[],[],0,,False,0,0,0,,bitcoin,,,,,,,[],,,,
1487803114648649737,1487788353428893702,1643554879000.0,2022-01-30 20:31:19,+0530,,@AltcoinAdvisor_ @BlueSparrowETH Do you know in which token the next flight will take place?üê£üê•   The next flight is only on birds Birdüåπ  #ETH #BlueSparrow #BlueSparrowtoken #BlueSparrowCommunity #BestDrawToken #Bluesparrowcharity @BlueSparrowETH #web3 #Bitcoin  https://t.co/ZWdFAr7fHy,en,"['eth', 'bluesparrow', 'bluesparrowtoken', 'bluesparrowcommunity', 'bestdrawtoken', 'bluesparrowcharity', 'web3', 'bitcoin']",[],1468200099528515590,1468200099528515590,rox_winner,Mohammad Reza Bakeshlou,7,20,https://twitter.com/rox_winner/status/1487803114648649737,[],['https://pbs.twimg.com/media/FKW9Bs8XEAA1kSQ.jpg'],1,https://pbs.twimg.com/media/FKW9Bs8XEAA1kSQ.jpg,False,0,0,0,,bitcoin,,,,,,,"[{'screen_name': 'AltcoinAdvisor_', 'name': 'Altcoin Advisor', 'id': '733600154792697856'}, {'screen_name': 'BlueSparrowETH', 'name': 'BlueSparrow Official', 'id': '1452266182451531781'}]",,,,
1487803114426191872,1487803114426191872,1643554879000.0,2022-01-30 20:31:19,+0530,,Do you know in which token the next flight will take place?üê£üê•   The next flight is only on birds Birdüåπ  #ETH #BlueSparrow #BlueSparrowtoken #BlueSparrowCommunity #BestDrawToken #Bluesparrowcharity @BlueSparrowETH #web3 #Bitcoin 2,en,"['eth', 'bluesparrow', 'bluesparrowtoken', 'bluesparrowcommunity', 'bestdrawtoken', 'bluesparrowcharity', 'web3', 'bitcoin']",[],1287385043204104193,1287385043204104193,JackGonjeeshke,JackSparrow,7,20,https://twitter.com/JackGonjeeshke/status/1487803114426191872,[],[],0,,False,0,0,0,https://twitter.com/KimKardashian/status/1487642567583797254,bitcoin,,,,,,,[],,,,
1487803113318883330,1487726962860830721,1643554878000.0,2022-01-30 20:31:18,+0530,,"@LayahHeilpern you can¬¥t forget about #BITCOIN for the next 5 years, if you need to stack the freakin¬¥sats üíö",en,['bitcoin'],[],1360419781241933828,1360419781241933828,WeilertAlexei,BullBearDiamond,7,20,https://twitter.com/WeilertAlexei/status/1487803113318883330,[],[],0,,False,0,0,0,,bitcoin,,,,,,,"[{'screen_name': 'LayahHeilpern', 'name': 'Layah Heilpern üéô', 'id': '455937214'}]",,,,
1487803112236720129,1487803112236720129,1643554878000.0,2022-01-30 20:31:18,+0530,,Bir s√ºredir yazmamƒ±≈ütƒ±m. Yeni haftaya girerken #Bitcoin analizi yazayƒ±m dedim. üëá   https://t.co/mgF3Fzj0aW,tr,['bitcoin'],[],1335846199115587584,1335846199115587584,Kripto_Kirpi,Kripto Kirpi,7,20,https://twitter.com/Kripto_Kirpi/status/1487803112236720129,['https://koinsaati.com/bitcoin-btc-icin-takip-edilmesi-gereken-onemli-seviyeler-2/'],[],0,,False,0,0,0,,bitcoin,,,,,,,[],,,,
1487803109166698496,1487792039681216513,1643554877000.0,2022-01-30 20:31:17,+0530,,@IotKelvin TubbyNoble: no it's Sergey back in SF Bitcoin deva talk days  https://t.co/MgsdB5qIKJ,en,[],[],1284356799638859782,1284356799638859782,JohNostalg,RequiemüíÄ.eth,7,20,https://twitter.com/JohNostalg/status/1487803109166698496,[],['https://pbs.twimg.com/media/FKW9CLNUUAInNm1.jpg'],1,https://pbs.twimg.com/media/FKW9CLNUUAInNm1.jpg,False,0,0,0,,bitcoin,,,,,,,"[{'screen_name': 'IotKelvin', 'name': 'E B U B E üí≠', 'id': '1262164795282915331'}]",,,,
1487803107551715329,1487788353428893702,1643554877000.0,2022-01-30 20:31:17,+0530,,"@AltcoinAdvisor_ @BlueSparrowETH Transparency plays a pivotal role in providing you with optimum condition to invest wisely and coutiosly.   Thanks to #bluesparrow  ownership renounced"" recently executed by its developers, undoubtedly promising prospect  of this token is guaranteed  @BlueSparrowETHüöÄüî• #bitcoin",en,"['bluesparrow', 'bitcoin']",[],1368823882644398081,1368823882644398081,SaeedBadeleh,Saeed,7,20,https://twitter.com/SaeedBadeleh/status/1487803107551715329,[],[],0,,False,0,0,0,,bitcoin,,,,,,,"[{'screen_name': 'AltcoinAdvisor_', 'name': 'Altcoin Advisor', 'id': '733600154792697856'}, {'screen_name': 'BlueSparrowETH', 'name': 'BlueSparrow Official', 'id': '1452266182451531781'}]",,,,
1487803106494713861,1487803106494713861,1643554877000.0,2022-01-30 20:31:17,+0530,,Gr√°fico apresentando o hist√≥rico do pre√ßo do Bitcoin em d√≥lares ao longo dos √∫ltimos 5 anos  #bitcoin #BTC  https://t.co/TNsvC2ZduM,pt,"['bitcoin', 'btc']",[],1390444095118708738,1390444095118708738,MercadosBrasil,Mercados Brasil,7,20,https://twitter.com/MercadosBrasil/status/1487803106494713861,[],['https://pbs.twimg.com/media/FKW9CohXMAokDx5.jpg'],1,https://pbs.twimg.com/media/FKW9CohXMAokDx5.jpg,False,0,0,0,,bitcoin,,,,,,,[],,,,
1487803103864840199,1487803103864840199,1643554876000.0,2022-01-30 20:31:16,+0530,,All mouths that speak against me will shrivel and die in the shadows of my success.   My weapon is consistency. I will grind until I make you quit.   You cannot stop me; it‚Äôs only a matter of time.  #HEX #Hexicans #discipline #PLS #PLSX #Ethereum #BITCOIN #BTC #Focus,en,"['hex', 'hexicans', 'discipline', 'pls', 'plsx', 'ethereum', 'bitcoin', 'btc', 'focus']",[],1479892140524290055,1479892140524290055,pRAMB0,pRAMBO,7,20,https://twitter.com/pRAMB0/status/1487803103864840199,[],[],0,,False,0,0,0,,bitcoin,,,,,,,[],,,,
1487803100626702336,1487803100626702336,1643554875000.0,2022-01-30 20:31:15,+0530,,The Debacle In Crypto Markets   https://t.co/jtApZC85j8 #crypto #cryptocurrency #latestcryptonews #bitcoin #cryptonews #cryptotrade #themorningcrypto,en,"['crypto', 'cryptocurrency', 'latestcryptonews', 'bitcoin', 'cryptonews', 'cryptotrade', 'themorningcrypto']",[],1404741944740257797,1404741944740257797,morning_crypto,The Morning Crypto,7,20,https://twitter.com/morning_crypto/status/1487803100626702336,['https://bit.ly/3u964vJ'],[],0,,False,0,0,0,,bitcoin,,,,,,,[],,,,
1487803100177915906,1487803100177915906,1643554875000.0,2022-01-30 20:31:15,+0530,,"Still choppy waters for #Bitcoin¬†. Looking at $37K to see whether that sustains. If not -&gt; I'm assuming we'll test lows for daily bullish divergence to create. If we hold, we might see a breaker above $38.5K happening  Thankyou to @Tradeosiann For all their updates on #Crypto j",en,"['bitcoin', 'crypto']",[],1364424253953597440,1364424253953597440,Cryptozuv,Crypto_,7,20,https://twitter.com/Cryptozuv/status/1487803100177915906,[],[],0,,False,0,1,0,,bitcoin,,,,,,,[],,,,
1487803094733832195,1487803094733832195,1643554874000.0,2022-01-30 20:31:14,+0530,,"Our #BTC prediction for average trend for 3PM UTC tomorrow: üëâ Increasing trend ‚¨Ü (0.20%), possible side trend ‚û° (-0.66% to 0.66%) Tweet generated automatically.  Methodology:  https://t.co/P0FCXOhC7d #bitcoin #cryptocurrency #crypto #trading",en,"['btc', 'bitcoin', 'cryptocurrency', 'crypto', 'trading']",[],1292738009796837377,1292738009796837377,SentiStocks,sentistocks,7,20,https://twitter.com/SentiStocks/status/1487803094733832195,['https://sentistocks.com/blog/predictions-btc-bitcoin-forecast-daily-crypto-sentiment-emotions/'],[],0,,False,0,0,0,,bitcoin,,,,,,,[],,,,
1487803094327087110,1487803094327087110,1643554874000.0,2022-01-30 20:31:14,+0530,,IMF Tells El Salvador: Costs of Making Bitcoin Legal Tender Exceed Potential Benefits ‚Äì Regulation Bitcoin News  https://t.co/aXB6U96NkA,en,[],[],1349805039821447168,1349805039821447168,SchottzInvest,Schottz Investimentos,7,20,https://twitter.com/SchottzInvest/status/1487803094327087110,['http://schottztech.blogspot.com/2022/01/imf-tells-el-salvador-costs-of-making.html'],[],0,,False,0,0,0,,bitcoin,,,,,,,[],,,,
1487803093815283715,1487772642325278722,1643554874000.0,2022-01-30 20:31:14,+0530,,"@BitcoinMagazine @AnatolyAksakov And there you go, Russia will now mine Bitcoin as a state operation üò≥",en,[],[],1005492434695081984,1005492434695081984,furiousvegansl1,Furious,7,20,https://twitter.com/furiousvegansl1/status/1487803093815283715,[],[],0,,False,0,0,0,,bitcoin,,,,,,,"[{'screen_name': 'BitcoinMagazine', 'name': 'Bitcoin Magazine', 'id': '361289499'}, {'screen_name': 'AnatolyAksakov', 'name': '–ê–Ω–∞—Ç–æ–ª–∏–π –ê–∫—Å–∞–∫–æ–≤', 'id': '282240213'}]",,,,
1487803091797819401,1487800376204185604,1643554873000.0,2022-01-30 20:31:13,+0530,,@JoePompliano So he couldn‚Äôt afford a 2 million dollar watch. Probably invested in Bitcoin and is kinda broke.,en,[],[],1421199764687831040,1421199764687831040,joe_fouche,Joseph Fouch√©,7,20,https://twitter.com/joe_fouche/status/1487803091797819401,[],[],0,,False,0,0,0,,bitcoin,,,,,,,"[{'screen_name': 'JoePompliano', 'name': 'Joe Pompliano', 'id': '1230676218770579456'}]",,,,
1487803090095022083,1487803090095022083,1643554873000.0,2022-01-30 20:31:13,+0530,,#ThanksJoeRogan #AllICareAboutIsBitcoin #Bitcoin #Maximalist The rest of you can argue about stupid shit.,en,"['thanksjoerogan', 'allicareaboutisbitcoin', 'bitcoin', 'maximalist']",[],1281795030387167232,1281795030387167232,ZipZappZopp,Jan/3‚ûû‚Çøüîë‚àé Bitcoinislove.com,7,20,https://twitter.com/ZipZappZopp/status/1487803090095022083,[],[],0,,False,0,0,0,,bitcoin,,,,,,,[],,,,
1487803090019442691,1487803090019442691,1643554873000.0,2022-01-30 20:31:13,+0530,,The goal is more Bitcoin,en,[],[],1335499048170688513,1335499048170688513,rolantokay,Brennan,7,20,https://twitter.com/rolantokay/status/1487803090019442691,[],[],0,,False,0,0,0,,bitcoin,,,,,,,[],,,,
1487803088673320966,1487803088673320966,1643554873000.0,2022-01-30 20:31:13,+0530,,Are #Bitcoin Whales Buying the Dip? On-Chain Analyst Will Clemente Says New Trend Emerging for Large $BTC Investors  Sentiment: Positive  On-chain analyst Will Clemente has identified a new trend...  Brief:  https://t.co/CcxiMklfNR  https://t.co/rxiG0vPyp5,en,['bitcoin'],['btc'],1401039895762587649,1401039895762587649,BrieflyBitcoin,Briefly Bitcoin,7,20,https://twitter.com/BrieflyBitcoin/status/1487803088673320966,"['http://t.me/brieflybitcoin', 'https://dailyhodl.com/2022/01/30/are-bitcoin-whales-buying-the-dip-on-chain-analyst-will-clemente-says-new-trend-emerging-for-large-btc-investors/']",[],0,,False,0,0,0,,bitcoin,,,,,,,[],,,,
1487803085757894657,1487803085757894657,1643554872000.0,2022-01-30 20:31:12,+0530,,A very big thankyou to @Tradeosiann  for giving me tip about #MATIC and #Bitcoin rise as i got a lot  profit in my portfolio after long days. A huge thankyou to you. #trading #BAT $TOMO $AXS #THETA $THETA #NFT #BTC #DOGE #USDT¬£,en,"['matic', 'bitcoin', 'trading', 'bat', 'theta', 'nft', 'btc', 'doge', 'usdt']","['tomo', 'axs', 'theta']",1479379226453168129,1479379226453168129,CryptoVihat,Crypto Vihat,7,20,https://twitter.com/CryptoVihat/status/1487803085757894657,[],[],0,,False,4,0,0,,bitcoin,,,,,,,[],,,,
1487803084004859904,1487803084004859904,1643554871000.0,2022-01-30 20:31:11,+0530,,"A big argument for BTC is because of the public ledger.   Law enforcements actually get clues as to where the money has gone.   Bitcoin is not fully anonymous in this regard.   Compare this to cash where it is 100% anonymous, and still the preferred means of money laundering.",en,[],[],3228663286,3228663286,5Bilionsales,#Get paid to use the Web,7,20,https://twitter.com/5Bilionsales/status/1487803084004859904,[],[],0,,False,1,0,0,,bitcoin,,,,,,,[],,,,
1487803081806938112,1487803081806938112,1643554871000.0,2022-01-30 20:31:11,+0530,,2022-01-31 00:00:00  BTCJPY   60min No signal  ---    ÔºëÊôÇÈñìË∂≥„ÄÄ„Ç∑„Ç∞„Éä„É´ÁÑ°„Åó„ÄÄ ---   HP„Å´„ÅØBTCJPY5ÂàÜË∂≥„ÇÇ„ÅÇ„Çä„Åæ„Åô  #Bitcoin #„Éì„ÉÉ„Éà„Ç≥„Ç§„É≥ #BTC #BTCJPY #‰ªÆÊÉ≥ÈÄöË≤® #ÊäïË≥á #Crypto #FX  https://t.co/AsObMRfJkG,ja,"['bitcoin', '„Éì„ÉÉ„Éà„Ç≥„Ç§„É≥', 'btc', 'btcjpy', '‰ªÆÊÉ≥ÈÄöË≤®', 'ÊäïË≥á', 'crypto', 'fx']",[],1437673539780288519,1437673539780288519,yuugiriawano,ü™ôÈÖíÁî∞ÁΩ´Á∑öBot2ü§ñSakatakeisenBot2ü™ô,7,20,https://twitter.com/yuugiriawano/status/1487803081806938112,[],['https://pbs.twimg.com/media/FKW9BPtVEAU4RT9.png'],1,https://pbs.twimg.com/media/FKW9BPtVEAU4RT9.png,False,1,0,0,,bitcoin,,,,,,,[],,,,
1487803081190481929,1487803081190481929,1643554871000.0,2022-01-30 20:31:11,+0530,,Do you know in which token the next flight will take place?üê£üê•   The next flight is only on birds Birdüåπ  #ETH #BlueSparrow #BlueSparrowtoken #BlueSparrowCommunity #BestDrawToken #Bluesparrowcharity @BlueSparrowETH #web3 #Bitcoin 1,en,"['eth', 'bluesparrow', 'bluesparrowtoken', 'bluesparrowcommunity', 'bestdrawtoken', 'bluesparrowcharity', 'web3', 'bitcoin']",[],1287385043204104193,1287385043204104193,JackGonjeeshke,JackSparrow,7,20,https://twitter.com/JackGonjeeshke/status/1487803081190481929,[],[],0,,False,1,0,0,https://twitter.com/KimKardashian/status/1487642567583797254,bitcoin,,,,,,,[],,,,
1487803077239447553,1487803077239447553,1643554870000.0,2022-01-30 20:31:10,+0530,,The current LTCBTC ratio is 0.00291477  Litecoin is an oscillator to bitcoin &amp; next peak cycle we expect the LTCBTC ratio to peak around .025  At today's bitcoin price we expect litecoin's price to be:   $378 at .010 $568 at .015 $757 at .020 $946 at .025  $2367 at .0625 max,en,[],[],1215775585537941504,1215775585537941504,masterltcbtcbot,Master LTCBTC Price Bot,7,20,https://twitter.com/masterltcbtcbot/status/1487803077239447553,[],[],0,,False,0,0,0,,bitcoin,,,,,,,[],,,,
1487803072722075651,1487803072722075651,1643554869000.0,2022-01-30 20:31:09,+0530,,Thoughts on $BTC #Bitcoin! See sebastianjohansen's idea on TradingView below.  https://t.co/hxfgZicYEo,en,['bitcoin'],['btc'],3509078064,3509078064,cryptocharts,CryptoCharts,7,20,https://twitter.com/cryptocharts/status/1487803072722075651,['https://www.tradingview.com/chart/BTCUSDT/6v5F5mPk-BTC-RSI-Breakout/?offer_id=10&aff_id=5962'],[],0,,False,0,0,0,,bitcoin,,,,,,,[],,,,
1487803064534933512,1487803064534933512,1643554867000.0,2022-01-30 20:31:07,+0530,,DasHaus made a bet!  Event: Los Angeles Clippers vs Charlotte Hornets #NBA Bet: Charlotte Hornets TO WIN -6 Odds: 2.000 (+100) Wager Cap: 0.00025 #bitcoin  #sportsbetting #betting #sportspicks #gamblingtwitter #gambling,en,"['nba', 'bitcoin', 'sportsbetting', 'betting', 'sportspicks', 'gamblingtwitter', 'gambling']",[],722691458092965889,722691458092965889,PlayTruBet,Tru.Bet,7,20,https://twitter.com/PlayTruBet/status/1487803064534933512,[],[],0,,False,0,0,0,,bitcoin,,,,,,,[],,,,
1487803062437789698,1487803062437789698,1643554866000.0,2022-01-30 20:31:06,+0530,,"ü§£ü§£ü§£  Y'all expecting Bitcoin to go down to $10k, @AngeloBTC says y'all are smoking crack!  üòÑüòÑ #Bitcoin",en,['bitcoin'],[],1452849774605094917,1452849774605094917,SoniaJe95288416,Sonia Jefferson,7,20,https://twitter.com/SoniaJe95288416/status/1487803062437789698,[],[],0,,False,0,0,0,https://twitter.com/AngeloBTC/status/1487327115095666692,bitcoin,,,,,,,[],,,,
1487803057677209605,1487788353428893702,1643554865000.0,2022-01-30 20:31:05,+0530,,@AltcoinAdvisor_ @BlueSparrowETH Do you know in which token the next flight will take place?üê£üê•   The next flight is only on birds Birdüåπ  #ETH #BlueSparrow #BlueSparrowtoken #BlueSparrowCommunity #BestDrawToken #Bluesparrowcharity @BlueSparrowETH #web3 #Bitcoin  https://t.co/uaimS7PVe2,en,"['eth', 'bluesparrow', 'bluesparrowtoken', 'bluesparrowcommunity', 'bestdrawtoken', 'bluesparrowcharity', 'web3', 'bitcoin']",[],1468200099528515590,1468200099528515590,rox_winner,Mohammad Reza Bakeshlou,7,20,https://twitter.com/rox_winner/status/1487803057677209605,[],['https://pbs.twimg.com/media/FKW8_CAXsAEwpXh.jpg'],1,https://pbs.twimg.com/media/FKW8_CAXsAEwpXh.jpg,False,1,0,0,,bitcoin,,,,,,,"[{'screen_name': 'AltcoinAdvisor_', 'name': 'Altcoin Advisor', 'id': '733600154792697856'}, {'screen_name': 'BlueSparrowETH', 'name': 'BlueSparrow Official', 'id': '1452266182451531781'}]",,,,
1487803057429786626,1487803057429786626,1643554865000.0,2022-01-30 20:31:05,+0530,,"The Caf√® Bitcoin Spaces, Monday - Friday, beginning at 7amPST/10amEST!    This weeks Guests!  M- @publordhodl  T - @FossGregfoss  W - @AnselLindner &amp; @CitizenBitcoin  Th - @SGBarbour  F - @ck_SNARKs   @SwanBitcoin @BitcoinMagazine   Hosted by: @alexstanczyk   Get on the mission!",en,[],[],784501546969096192,784501546969096192,Producer_Jacob,Jacob Pope,7,20,https://twitter.com/Producer_Jacob/status/1487803057429786626,[],[],0,,False,0,0,0,,bitcoin,,,,,,,[],,,,
1487803056662073344,1487803056662073344,1643554865000.0,2022-01-30 20:31:05,+0530,,"Still choppy waters for #Bitcoin¬†. Looking at $37K to see whether that sustains. If not -&gt; I'm assuming we'll test lows for daily bullish divergence to create. If we hold, we might see a breaker above $38.5K happening  Thankyou to @Tradeosiann For all their updates on #Crypto k",en,"['bitcoin', 'crypto']",[],1364424253953597440,1364424253953597440,Cryptozuv,Crypto_,7,20,https://twitter.com/Cryptozuv/status/1487803056662073344,[],[],0,,False,0,1,0,,bitcoin,,,,,,,[],,,,
1487803054783012865,1487803054783012865,1643554864000.0,2022-01-30 20:31:04,+0530,,Economic mismanagement and conflict will drive an increasing number of people towards this same realisation and #Bitcoin adoption is likely to accelerate.  You all should Follow @Tradeosiann he knows his stuff when it comes to #Crypto his tweet have been really helpful so far üòê,en,"['bitcoin', 'crypto']",[],1474415264175329282,1474415264175329282,ScannerBingo,Bingo Crypto Scanner,7,20,https://twitter.com/ScannerBingo/status/1487803054783012865,[],[],0,,False,0,0,0,,bitcoin,,,,,,,[],,,,
1487803053071863810,1487803053071863810,1643554864000.0,2022-01-30 20:31:04,+0530,,Bitcoin  -  $37916.0  (‚Ç¨34020.0) Ethereum  -  $2606.63  (‚Ç¨2338.83) Chainlink  -  $17.32  (‚Ç¨15.54) Solana  -  $94.72 (‚Ç¨84.99) Litecoin  -  $110.26 (‚Ç¨98.93),en,[],[],1375936734614159362,1375936734614159362,CryptoBotPrice,CryptoPriceBot,7,20,https://twitter.com/CryptoBotPrice/status/1487803053071863810,[],[],0,,False,0,0,0,,bitcoin,,,,,,,[],,,,
1487803049485938693,1487803049485938693,1643554863000.0,2022-01-30 20:31:03,+0530,,"üü© Block 721068 ‚õè ‚õè  üìÖ 30th Jan 2022, 15:00:24 GMT  üì£ 1,254 tx with a value of 1,006.617 ‚Çø ($38.11m üá∫üá∏)  üì£ distributed to 4,477 recipients üíéüôå  üì£ 18,944,181.25 ‚Çø (90.21039%) mined ‚õè  üì£ 2,055,818.75 ‚Çø remaining üí∞  #bitcoin #tictoknextblock",en,"['bitcoin', 'tictoknextblock']",[],1410439838986166273,1410439838986166273,tictoknextblock,tictoknextblock,7,20,https://twitter.com/tictoknextblock/status/1487803049485938693,[],[],0,,False,0,0,0,,bitcoin,,,,,,,[],,,,
1487803048768516108,1484321174855172102,1643554863000.0,2022-01-30 20:31:03,+0530,,@bidenswapdefi @Bitcoin  @coingecko @NFTCryptoPlanes @DarceyCroft @Firas_Zahabi,und,[],[],1470722919311548420,1470722919311548420,MariaTajalli,Maria Tajalli,7,20,https://twitter.com/MariaTajalli/status/1487803048768516108,[],[],0,,False,0,0,0,,bitcoin,,,,,,,"[{'screen_name': 'bidenswapdefi', 'name': 'bidentw', 'id': '1482898688569745409'}]",,,,
1487803043085225990,1487642567583797254,1643554862000.0,2022-01-30 20:31:02,+0530,,@KimKardashian Do you know in which token the next flight will take place?üê£üê•   The next flight is only on birds Birdüåπ  #ETH #BlueSparrow #BlueSparrowtoken #BlueSparrowCommunity #BestDrawToken #Bluesparrowcharity @BlueSparrowETH #web3 #Bitcoin 5,en,"['eth', 'bluesparrow', 'bluesparrowtoken', 'bluesparrowcommunity', 'bestdrawtoken', 'bluesparrowcharity', 'web3', 'bitcoin']",[],1287385043204104193,1287385043204104193,JackGonjeeshke,JackSparrow,7,20,https://twitter.com/JackGonjeeshke/status/1487803043085225990,[],[],0,,False,0,0,0,,bitcoin,,,,,,,"[{'screen_name': 'KimKardashian', 'name': 'Kim Kardashian West', 'id': '25365536'}]",,,,
1487803042531581958,1487803042531581958,1643554862000.0,2022-01-30 20:31:02,+0530,,[1h] #Bitcoin market is weakly trending up current momentum suggests the market is neutral. #forextrading #forextrading #news visit:  https://t.co/yuSljvM9Fq for more!,en,"['bitcoin', 'forextrading', 'forextrading', 'news']",[],3438036358,3438036358,BitSwings,Bitswings,7,20,https://twitter.com/BitSwings/status/1487803042531581958,['https://www.bitswings.com'],[],0,,False,0,0,0,,bitcoin,,,,,,,[],,,,
1487803040082059273,1487803040082059273,1643554861000.0,2022-01-30 20:31:01,+0530,,"#Bitcoin price analysis: $BTC fails to break $38,500, another drop incoming?  https://t.co/5eXBbmGbxK",en,['bitcoin'],['btc'],1224543683447488513,1224543683447488513,CryptoNetDaily,CryptoNetDaily üì∞,7,20,https://twitter.com/CryptoNetDaily/status/1487803040082059273,['https://www.cryptopolitan.com/bitcoin-price-analysis-2022-01-30/'],[],0,,False,0,0,0,,bitcoin,,,,,,,[],,,,
1487803029382381576,1487803029382381576,1643554858000.0,2022-01-30 20:30:58,+0530,,"BTC Latest Block Info: Block 721068 holds 1,254 transactions for a total of 1,006.61670 Bitcoin including Block Reward. Block Size 1,241,219 Bytes",en,[],[],1197637831407161346,1197637831407161346,btc_blockbot,‚ÇøTC ‚Çølock‚Çøot,7,20,https://twitter.com/btc_blockbot/status/1487803029382381576,[],[],0,,False,0,0,0,,bitcoin,,,,,,,[],,,,
1487803025649504258,1487802828102029315,1643554858000.0,2022-01-30 20:30:58,+0530,,"3. When you talk about altcoins not being needed. You mean that because fixing the money already has such profound effects on society, we don't need any other currencies, we just need to build on top of Bitcoin?",en,[],[],1455262782706917384,1455262782706917384,TheRealRolsson,Rolsson,7,20,https://twitter.com/TheRealRolsson/status/1487803025649504258,[],[],0,,False,0,1,0,,bitcoin,,,,,,,[],,,,
1487803023518834690,1487803023518834690,1643554857000.0,2022-01-30 20:30:57,+0530,,"$BTC could top $1 million per coin by 2030, according to Cathie Wood's Ark Invest!  Below is the basis of the calculation.  RT if you believe it is possible.  #cryptocurrency #Crypto #BTC #Bitcoin #CryptoNews #cryptocurrencies  https://t.co/IAO6drhoJF",en,"['cryptocurrency', 'crypto', 'btc', 'bitcoin', 'cryptonews', 'cryptocurrencies']",['btc'],1473864002069483523,1473864002069483523,CryptoGamefolio,Crypto Gamefolio,7,20,https://twitter.com/CryptoGamefolio/status/1487803023518834690,[],['https://pbs.twimg.com/media/FKW8wRfWUAA7s4f.png'],1,https://pbs.twimg.com/media/FKW8wRfWUAA7s4f.png,False,0,1,0,,bitcoin,,,,,,,[],,,,
1487803022013079553,1487803022013079553,1643554857000.0,2022-01-30 20:30:57,+0530,,"Potential 3 Tap, SFP and range movement in $BTC M5-15  Bitcoin / TetherUS PERPETUAL FUTURES BINANCE:BTCUSDTPERP  swinburne_d  it should give us a clear MSB in M5 and then we can enter to the position when we see a pullback to the OB with a stop below the liquidity hunt. We a‚Ä¶  https://t.co/M4QUASZ602",en,[],['btc'],1417888944868536325,1417888944868536325,KriptoKusu,Kripto Kusu,7,20,https://twitter.com/KriptoKusu/status/1487803022013079553,[],['https://pbs.twimg.com/media/FKW89qZXsAE8iGF.jpg'],1,https://pbs.twimg.com/media/FKW89qZXsAE8iGF.jpg,False,0,0,0,,bitcoin,,,,,,,[],,,,
1487803020259860482,1487788353428893702,1643554856000.0,2022-01-30 20:30:56,+0530,,@AltcoinAdvisor_ @BlueSparrowETH Do you know in which token the next flight will take place?üê£üê•   The next flight is only on birds Birdüåπ  #ETH #BlueSparrow #BlueSparrowtoken #BlueSparrowCommunity #BestDrawToken #Bluesparrowcharity @BlueSparrowETH #web3 #Bitcoin  https://t.co/Res3sbRYqD,en,"['eth', 'bluesparrow', 'bluesparrowtoken', 'bluesparrowcommunity', 'bestdrawtoken', 'bluesparrowcharity', 'web3', 'bitcoin']",[],1468200099528515590,1468200099528515590,rox_winner,Mohammad Reza Bakeshlou,7,20,https://twitter.com/rox_winner/status/1487803020259860482,[],['https://pbs.twimg.com/media/FKW88jvWYAEkp6x.jpg'],1,https://pbs.twimg.com/media/FKW88jvWYAEkp6x.jpg,False,1,0,1,,bitcoin,,,,,,,"[{'screen_name': 'AltcoinAdvisor_', 'name': 'Altcoin Advisor', 'id': '733600154792697856'}, {'screen_name': 'BlueSparrowETH', 'name': 'BlueSparrow Official', 'id': '1452266182451531781'}]",,,,
1487803019974557702,1487803019974557702,1643554856000.0,2022-01-30 20:30:56,+0530,,Bitcoin price index  https://t.co/o7UcHJUhC6 #USD #EUR #CNY #GBP #RUB  https://t.co/pEYuNO2zEn,en,"['usd', 'eur', 'cny', 'gbp', 'rub']",[],2395138046,2395138046,WorldCoinIndex,WorldCoinIndex,7,20,https://twitter.com/WorldCoinIndex/status/1487803019974557702,['https://www.worldcoinindex.com/coin/bitcoin'],['https://pbs.twimg.com/media/FKW89ebXIAMLLeE.png'],1,https://pbs.twimg.com/media/FKW89ebXIAMLLeE.png,False,0,0,0,,bitcoin,,,,,,,[],,,,
1487803019588739073,1487803019588739073,1643554856000.0,2022-01-30 20:30:56,+0530,,"üëã A new block was found on the #Bitcoin network. We're at block height 721068, current #bitcoin price is $37852.67 and there are 205579372690011 #sats left to mine.",en,"['bitcoin', 'bitcoin', 'sats']",[],1448763322812276737,1448763322812276737,satsleft,satsleft.info,7,20,https://twitter.com/satsleft/status/1487803019588739073,[],[],0,,False,0,0,0,,bitcoin,,,,,,,[],,,,
1487803016233242628,1487642567583797254,1643554855000.0,2022-01-30 20:30:55,+0530,,@KimKardashian Do you know in which token the next flight will take place?üê£üê•   The next flight is only on birds Birdüåπ  #ETH #BlueSparrow #BlueSparrowtoken #BlueSparrowCommunity #BestDrawToken #Bluesparrowcharity @BlueSparrowETH #web3 #Bitcoin 4,en,"['eth', 'bluesparrow', 'bluesparrowtoken', 'bluesparrowcommunity', 'bestdrawtoken', 'bluesparrowcharity', 'web3', 'bitcoin']",[],1287385043204104193,1287385043204104193,JackGonjeeshke,JackSparrow,7,20,https://twitter.com/JackGonjeeshke/status/1487803016233242628,[],[],0,,False,0,0,0,,bitcoin,,,,,,,"[{'screen_name': 'KimKardashian', 'name': 'Kim Kardashian West', 'id': '25365536'}]",,,,
1487803013431537664,1487557263652970498,1643554855000.0,2022-01-30 20:30:55,+0530,,"@J_BTFD @100trillionUSD @ercwl @RemindMe_OfThis It's a finished product, immutable code, you make yield without middleman. So it's a better store of value than Bitcoin. You are your own bank. Almost all cryptos are projects full of promises, hacks, downtime and have admin keys.",en,[],[],375224894,375224894,telmodfs,‚¨£Telmo‚¨£,7,20,https://twitter.com/telmodfs/status/1487803013431537664,[],[],0,,False,0,0,0,,bitcoin,,,,,,,"[{'screen_name': 'J_BTFD', 'name': 'JanneG', 'id': '1346920860746211336'}, {'screen_name': '100trillionUSD', 'name': 'PlanB', 'id': '918804624303382528'}, {'screen_name': 'ercwl', 'name': 'Eric Wall', 'id': '467535591'}, {'screen_name': 'RemindMe_OfThis', 'name': 'Remind me of this tweet', 'id': '1067540921451986945'}]",,,,
1487803013095993345,1487803011669925897,1643554855000.0,2022-01-30 20:30:55,+0530,,"Lo que debes de hacer es preocuparte de no perder, mantener una mentalidad de largo plazo e invertir todos los meses. El largo plazo y la inversi√≥n regular hacen milagros. #Bitcoin",es,['bitcoin'],[],1384589892164931585,1384589892164931585,LiberateBTC,Jùïñs√∫s,7,20,https://twitter.com/LiberateBTC/status/1487803013095993345,[],[],0,,False,0,0,0,,bitcoin,,,,,,,[],,,,
1487803009782276106,1487803009782276106,1643554854000.0,2022-01-30 20:30:54,+0530,,"Still choppy waters for #Bitcoin¬†. Looking at $37K to see whether that sustains. If not -&gt; I'm assuming we'll test lows for daily bullish divergence to create. If we hold, we might see a breaker above $38.5K happening  Thankyou to @Tradeosiann For all their updates on #Crypto l",en,"['bitcoin', 'crypto']",[],1364424253953597440,1364424253953597440,Cryptozuv,Crypto_,7,20,https://twitter.com/Cryptozuv/status/1487803009782276106,[],[],0,,False,0,2,0,,bitcoin,,,,,,,[],,,,
1487803004543774724,1487803004543774724,1643554852000.0,2022-01-30 20:30:52,+0530,,üêã #Crypto Whales vs. #Stablecoins üíµ  üö® Last 4 hours of #BTC-Exchange transactions üö®  For clarification: #Crypto are ALL #cryptocurrencies incl. #Bitcoin  #Stablecoins are for example: #USDT #USDC #BUSD #TUSD etc. without ANY #cryptocurrencies   ü§ñ Automated-Tweet ü§ñ  https://t.co/2NE2UuxqJR,en,"['crypto', 'stablecoins', 'btc', 'crypto', 'cryptocurrencies', 'bitcoin', 'stablecoins', 'usdt', 'usdc', 'busd', 'tusd', 'cryptocurrencies']",[],1315568371753259008,1315568371753259008,btcsentimentCOM,btcsentiment,7,20,https://twitter.com/btcsentimentCOM/status/1487803004543774724,[],['https://pbs.twimg.com/media/FKW88egXoAMn3at.jpg'],1,https://pbs.twimg.com/media/FKW88egXoAMn3at.jpg,False,0,2,0,,bitcoin,,,,,,,[],,,,
1487803004006944773,1487803004006944773,1643554852000.0,2022-01-30 20:30:52,+0530,,"Bitcoin price weakness because of risk-off behavior while fundamentals strengthening: Intel creating mining chips, Russia looking to get involved in mining, Goldman Sachs bullish, Google partnership w/ Coinbase, El Salvador Bond.  Hard to think asymmetry is to the downside.",en,[],[],1464595798751162380,1464595798751162380,CryptoHeartMa,Crypto Heart Man,7,20,https://twitter.com/CryptoHeartMa/status/1487803004006944773,[],[],0,,False,1,0,0,,bitcoin,,,,,,,[],,,,
1487803003088351235,1487803003088351235,1643554852000.0,2022-01-30 20:30:52,+0530,,It's happening again.. slowly but steadily seeing more bullish/positive news around #BitCoin &amp; #Crypto.  Will February again be a green month?  Time will tell.. ‚è≥üî•üöÄ  #VeChain #VeFam $VET $VTHO,en,"['bitcoin', 'crypto', 'vechain', 'vefam']","['vet', 'vtho']",945396769172713472,945396769172713472,Vetskandy,Vetskandy ‚ìã,7,20,https://twitter.com/Vetskandy/status/1487803003088351235,[],[],0,,False,1,0,0,,bitcoin,,,,,,,[],,,,
1487802986810142727,1487802986810142727,1643554848000.0,2022-01-30 20:30:48,+0530,,A very big thankyou to @Tradeosiann  for giving me tip about #MATIC and #Bitcoin rise as i got a lot  profit in my portfolio after long days. A huge thankyou to you. #trading #BAT $TOMO $AXS #THETA $THETA #NFT #BTC #DOGE #USDTvv,en,"['matic', 'bitcoin', 'trading', 'bat', 'theta', 'nft', 'btc', 'doge', 'usdtvv']","['tomo', 'axs', 'theta']",1479379226453168129,1479379226453168129,CryptoVihat,Crypto Vihat,7,20,https://twitter.com/CryptoVihat/status/1487802986810142727,[],[],0,,False,1,0,0,,bitcoin,,,,,,,[],,,,
1487802986323746816,1487802986323746816,1643554848000.0,2022-01-30 20:30:48,+0530,,"I just listed: 'Introduction to Teaching: Becoming a Professional', for 40.95 via @amazon  https://t.co/7ytClYESZV University research library #reading Biden books #buybooks #booktok #NFL Nadal #BTC #Bitcoin #SundayMorning Chiefs news CNN",en,"['reading', 'buybooks', 'booktok', 'nfl', 'btc', 'bitcoin', 'sundaymorning']",[],769381561619795968,769381561619795968,CABMichigan,YouTube: libasan - Amazon & Ebay: CABMichigan,7,20,https://twitter.com/CABMichigan/status/1487802986323746816,['http://www.amazon.com/gp/product/0130108588/ref=cm_sw_r_tw_myi?m=A1TJXAPT3KE5UE'],[],0,,False,0,0,0,,bitcoin,,,,,,,[],,,,
1487802984612438032,1487802984612438032,1643554848000.0,2022-01-30 20:30:48,+0530,,‚ö†Ô∏è ESTRENO AHORA  Video de nuestro evento sobre ‚ÄúManifiesto Bitcoin‚Äù de Satoshi Nakamoto.  Con @alberto_mera üá™üá∏ y el Dr. @santosmercado üá≤üáΩ. Conduce @ecantugalindo üá≤üáΩ. Agradecemos el apoyo de @Innisfree_es.  Accese al estreno aqu√≠:  https://t.co/DAydFjrqwo,es,[],[],2661645776,2661645776,Mex_Libertario,M√©xico Libertario üêç,7,20,https://twitter.com/Mex_Libertario/status/1487802984612438032,['https://youtu.be/FXJfC9pAC_4'],[],0,,False,0,0,0,,bitcoin,,,,,,,[],,,,
1487802976752316419,1487801701306404874,1643554846000.0,2022-01-30 20:30:46,+0530,,@Fodenszns @Lewporte Ill hack ur bitcoin address,en,[],[],1360226706347470849,1360226706347470849,BernardoS1Iva,h,7,20,https://twitter.com/BernardoS1Iva/status/1487802976752316419,[],[],0,,False,0,0,0,,bitcoin,,,,,,,"[{'screen_name': 'Fodenszns', 'name': 'HKüëë', 'id': '1246184834181013506'}, {'screen_name': 'Lewporte', 'name': 'LN üá®üá≤', 'id': '1274739528440348672'}]",,,,
1487802974739091467,1487788353428893702,1643554845000.0,2022-01-30 20:30:45,+0530,,@AltcoinAdvisor_ @BlueSparrowETH #bluesparrow will take over the world The world and governments must adapt themselves with #Bluesparrow  #ETH #BlueSparrow #BlueSparrowtoken #BlueSparrowCommunity #BestDrawToken #Bluesparrowcharity @BlueSparrowETH #web3 #Bitcoin  https://t.co/4PSms9xkiL Owosnzbis,en,"['bluesparrow', 'bluesparrow', 'eth', 'bluesparrow', 'bluesparrowtoken', 'bluesparrowcommunity', 'bestdrawtoken', 'bluesparrowcharity', 'web3', 'bitcoin']",[],1479148296174247942,1479148296174247942,karvansara9,MOHAMMAD,7,20,https://twitter.com/karvansara9/status/1487802974739091467,[],['https://pbs.twimg.com/media/FJIdEyhXwAIFi6n.jpg'],1,https://pbs.twimg.com/media/FJIdEyhXwAIFi6n.jpg,False,0,0,0,,bitcoin,,,,,,,"[{'screen_name': 'AltcoinAdvisor_', 'name': 'Altcoin Advisor', 'id': '733600154792697856'}, {'screen_name': 'BlueSparrowETH', 'name': 'BlueSparrow Official', 'id': '1452266182451531781'}]",,,,
1487802973099024386,1487802973099024386,1643554845000.0,2022-01-30 20:30:45,+0530,,#Bitcoin resumido en unas pocas flechas y rectangulitos.  https://t.co/CRix0fCUCr,es,['bitcoin'],[],1483996543938142208,1483996543938142208,jksfdahjksahfds,jksfdahjksahfds,7,20,https://twitter.com/jksfdahjksahfds/status/1487802973099024386,[],['https://pbs.twimg.com/media/FKW831xWQAAAhUP.jpg'],1,https://pbs.twimg.com/media/FKW831xWQAAAhUP.jpg,False,0,0,0,,bitcoin,,,,,,,[],,,,
1487802960532983808,1487802960532983808,1643554842000.0,2022-01-30 20:30:42,+0530,,The January 30 daily payout for $FZT holders has been sent!  1000 $SIGNA is sent daily to FZT holdersüí∞  Get FZT Free from the Forex Zone forum. #Signum #Bitcoin #BTC #cryptocurrency   GET STARTED HEREüëá  https://t.co/PQotakUxms  https://t.co/zIusbeWaJx,en,"['signum', 'bitcoin', 'btc', 'cryptocurrency']","['fzt', 'signa']",1027615651043713025,1027615651043713025,ForexZoneForum,Forex Zone,7,20,https://twitter.com/ForexZoneForum/status/1487802960532983808,['https://forex.zone/coins-and-tokens/20/forex-zone-token-fzt/3319/'],['https://pbs.twimg.com/tweet_video_thumb/FKW81S8XoAEc1Cx.jpg'],1,https://pbs.twimg.com/tweet_video_thumb/FKW81S8XoAEc1Cx.jpg,False,1,0,0,,bitcoin,,,,,,,[],,,,
1487802960117526530,1487638553685381122,1643554842000.0,2022-01-30 20:30:42,+0530,,@Alex343 How‚Äôd you get your pension in bitcoin?,en,[],[],1297340921839722496,1297340921839722496,CroMillion,1MillionCRO,7,20,https://twitter.com/CroMillion/status/1487802960117526530,[],[],0,,False,0,0,0,,bitcoin,,,,,,,"[{'screen_name': 'Alex343', 'name': 'Alex', 'id': '33829032'}]",,,,
1487802954744745986,1487802954744745986,1643554841000.0,2022-01-30 20:30:41,+0530,,"Market Watch: LINK and AXS Explode 10%, Bitcoin Maintains¬†$38K  https://t.co/9vXwAL1Diw",en,[],[],1056162113402667008,1056162113402667008,CryptoSamogon,Crypto Samogon,7,20,https://twitter.com/CryptoSamogon/status/1487802954744745986,['https://ethereum.today/market-watch-link-and-axs-explode-10-bitcoin-maintains-38k/'],[],0,,False,1,0,0,,bitcoin,,,,,,,[],,,,
1487802953599787010,1487802953599787010,1643554840000.0,2022-01-30 20:30:40,+0530,,"Bitcoin and Ethereum Are in Early Adoption Days, Says Bloomberg Intelligence¬†Analyst  https://t.co/cp0quY8004",en,[],[],1056162113402667008,1056162113402667008,CryptoSamogon,Crypto Samogon,7,20,https://twitter.com/CryptoSamogon/status/1487802953599787010,['https://ethereum.today/bitcoin-and-ethereum-are-in-early-adoption-days-says-bloomberg-intelligence-analyst/'],[],0,,False,1,0,0,,bitcoin,,,,,,,[],,,,
1487802952928669697,1487802952928669697,1643554840000.0,2022-01-30 20:30:40,+0530,,Bitcoin‚Äôs Black Friday: Everything You Need To Know About The 2022 Crypto Crash via @investorjunkie  https://t.co/1HJICEkZhF,en,[],[],1070072927897346048,1070072927897346048,GilesSipesUS,Dr. Giles Sipes PhD,7,20,https://twitter.com/GilesSipesUS/status/1487802952928669697,['https://app.quuu.co/r/kWGvN'],[],0,,False,0,0,0,,bitcoin,,,,,,,[],,,,
1487802951632662529,1487802951632662529,1643554840000.0,2022-01-30 20:30:40,+0530,,New bill presented by an Arizona senator proposes to make Bitcoin fiat currency #BTC #Bitcoin  https://t.co/PZpSYv9TmD,en,"['btc', 'bitcoin']",[],1345683511748014080,1345683511748014080,NewsBsccom,News BSC,7,20,https://twitter.com/NewsBsccom/status/1487802951632662529,['https://newsbsc.com/cryptocurrency/new-bill-presented-by-an-arizona/'],[],0,,False,0,0,0,,bitcoin,,,,,,,[],,,,
1487802951469043713,1487802951469043713,1643554840000.0,2022-01-30 20:30:40,+0530,,"Tranquilo, todav√≠a estamos temprano.  Tr√©pate al tren antes de que salga de la estaci√≥n. #bitcoin  https://t.co/Rf2bxnBTqO",es,['bitcoin'],[],1480590370622918665,1480590370622918665,theredpill_ec,The red pill,7,20,https://twitter.com/theredpill_ec/status/1487802951469043713,[],['https://pbs.twimg.com/media/FKW85ipWUAASzWW.jpg'],1,https://pbs.twimg.com/media/FKW85ipWUAASzWW.jpg,False,0,0,0,,bitcoin,,,,,,,[],,,,
1487802948365266945,1487802745419620360,1643554839000.0,2022-01-30 20:30:39,+0530,,"- $TSLA latest financial statement shows #Bitcoin worth $1.26 Billion.  - America‚Äôs Five Star Bank is now allowing its clients to buy, sell, and hold #Bitcoin.  - Zimbabwe farming collective raises $1.4 million to mine #Bitcoin with solar power. (2/2)",en,"['bitcoin', 'bitcoin', 'bitcoin']",['tsla'],1462794145794244610,1462794145794244610,AffinitiEquity,Affiniti Equities,7,20,https://twitter.com/AffinitiEquity/status/1487802948365266945,[],[],0,,False,1,0,0,,bitcoin,,,,,,,[],,,,
1487802947375448065,1487802947375448065,1643554839000.0,2022-01-30 20:30:39,+0530,,"Price of Bitcoin:  U$    37,829.71 ‚Ç¨U    34,028.97 R$    205,606.18  24H   % change: 0.61% Week  % change: 7.18%  #bitcoin",en,['bitcoin'],[],1371617826658787335,1371617826658787335,BitcoinPrice30,‚ÇøitcoinPriceü§ñ,7,20,https://twitter.com/BitcoinPrice30/status/1487802947375448065,[],[],0,,False,0,0,0,,bitcoin,,,,,,,[],,,,
1487802946469437444,1487802828102029315,1643554839000.0,2022-01-30 20:30:39,+0530,,"2. As I understand it, the thesis is that because history has shown that the free market will choose the hardest money, Bitcoin will eventually win. Hasn't history also shown that people choose statism out of fear? People tend to give up their freedom for safety?",en,[],[],1455262782706917384,1455262782706917384,TheRealRolsson,Rolsson,7,20,https://twitter.com/TheRealRolsson/status/1487802946469437444,[],[],0,,False,0,1,0,,bitcoin,,,,,,,[],,,,
1487802945680941056,1487788353428893702,1643554838000.0,2022-01-30 20:30:38,+0530,,@AltcoinAdvisor_ @BlueSparrowETH #bluesparrow will take over the world The world and governments must adapt themselves with #Bluesparrow  #ETH #BlueSparrow #BlueSparrowtoken #BlueSparrowCommunity #BestDrawToken #Bluesparrowcharity @BlueSparrowETH #web3 #Bitcoin  https://t.co/4PSms9xkiL Kdodnbdvd,en,"['bluesparrow', 'bluesparrow', 'eth', 'bluesparrow', 'bluesparrowtoken', 'bluesparrowcommunity', 'bestdrawtoken', 'bluesparrowcharity', 'web3', 'bitcoin']",[],1479148296174247942,1479148296174247942,karvansara9,MOHAMMAD,7,20,https://twitter.com/karvansara9/status/1487802945680941056,[],['https://pbs.twimg.com/media/FJIdEyhXwAIFi6n.jpg'],1,https://pbs.twimg.com/media/FJIdEyhXwAIFi6n.jpg,False,0,0,0,,bitcoin,,,,,,,"[{'screen_name': 'AltcoinAdvisor_', 'name': 'Altcoin Advisor', 'id': '733600154792697856'}, {'screen_name': 'BlueSparrowETH', 'name': 'BlueSparrow Official', 'id': '1452266182451531781'}]",,,,
1487802944837857284,1487802944837857284,1643554838000.0,2022-01-30 20:30:38,+0530,,"#Bitcoin et #crypto font d√©sormais int√©gralement partie des march√©s financiers. Pour autant, dans quelles cat√©gories ces actifs rentrent-ils ? ü§î  https://t.co/VOh4atrEnd",fr,"['bitcoin', 'crypto']",[],862443172089253893,862443172089253893,LeJournalDuCoin,Journal du Coin,7,20,https://twitter.com/LeJournalDuCoin/status/1487802944837857284,['https://journalducoin.com/?p=456013'],[],0,,False,1,0,0,,bitcoin,,,,,,,[],,,,
1487802940811321344,1487802940811321344,1643554837000.0,2022-01-30 20:30:37,+0530,,Today's Top Losers ‚ö∞Ô∏è $SAFEMOON $&lt;0.00000001 -71.54% $LSK $1.58 -14.28% $TIME $360 -12.80%  https://t.co/81Omq658NO  #SafeMoon[OLD] #Lisk #Wonderland #Crypto #Cryptocurrency  #Altcoin #Bitcoin #CryptoNews  https://t.co/Mu8SgGdlP2,en,"['safemoon', 'lisk', 'wonderland', 'crypto', 'cryptocurrency', 'altcoin', 'bitcoin', 'cryptonews']","['lsk', 'time']",1364844086352486404,1364844086352486404,coinhippoHQ,CoinHippo,7,20,https://twitter.com/coinhippoHQ/status/1487802940811321344,['https://coinhippo.io'],['https://pbs.twimg.com/media/FKW84_DWQAIX0aE.jpg'],1,https://pbs.twimg.com/media/FKW84_DWQAIX0aE.jpg,False,0,0,0,,bitcoin,,,,,,,[],,,,
1487802933810851840,1487802933810851840,1643554836000.0,2022-01-30 20:30:36,+0530,,A very big thankyou to @Tradeosiann  for giving me tip about #MATIC and #Bitcoin rise as i got a lot  profit in my portfolio after long days. A huge thankyou to you. #trading #BAT $TOMO $AXS #THETA $THETA #NFT #BTC #DOGE #USDTmn,en,"['matic', 'bitcoin', 'trading', 'bat', 'theta', 'nft', 'btc', 'doge', 'usdtmn']","['tomo', 'axs', 'theta']",1479379226453168129,1479379226453168129,CryptoVihat,Crypto Vihat,7,20,https://twitter.com/CryptoVihat/status/1487802933810851840,[],[],0,,False,1,0,0,,bitcoin,,,,,,,[],,,,
1487802930283560961,1487802930283560961,1643554835000.0,2022-01-30 20:30:35,+0530,,"If you‚Äôre comparing Bitcoin and Ethereum to XRP/XLM, I‚Äôd imagine you‚Äôve kind of missed the point.",en,[],[],463823129,463823129,adizjapalmer,Diz,7,20,https://twitter.com/adizjapalmer/status/1487802930283560961,[],[],0,,False,0,1,0,https://twitter.com/digitalassetbuy/status/1487753688546435073,bitcoin,,,,,,,[],,,,
1487802929780301826,1487802929780301826,1643554835000.0,2022-01-30 20:30:35,+0530,,on the 01/30/2022 at 03:00 1BTC was worth $37882.00 #Bitcoin #Crypto #BotcoinUSD #Bitfinex,en,"['bitcoin', 'crypto', 'botcoinusd', 'bitfinex']",[],1260148537708425216,1260148537708425216,BotcoinUSD,Botcoin USD,7,20,https://twitter.com/BotcoinUSD/status/1487802929780301826,[],[],0,,False,0,0,0,,bitcoin,,,,,,,[],,,,
1487802926542168069,1487802926542168069,1643554834000.0,2022-01-30 20:30:34,+0530,,"Still choppy waters for #Bitcoin¬†. Looking at $37K to see whether that sustains. If not -&gt; I'm assuming we'll test lows for daily bullish divergence to create. If we hold, we might see a breaker above $38.5K happening  Thankyou to @Tradeosiann For all their updates on #Crypto x",en,"['bitcoin', 'crypto']",[],1364424253953597440,1364424253953597440,Cryptozuv,Crypto_,7,20,https://twitter.com/Cryptozuv/status/1487802926542168069,[],[],0,,False,0,1,0,,bitcoin,,,,,,,[],,,,
1487802924592152581,1487802924592152581,1643554833000.0,2022-01-30 20:30:33,+0530,,"#computerart #creativecoding #generativeart : #bitcoin #blockchain 's LAST Block, Height : 721067 [ See more on  https://t.co/p7nE81mF0i ]  https://t.co/eNTnHzCXih",en,"['computerart', 'creativecoding', 'generativeart', 'bitcoin', 'blockchain']",[],840479603143630849,840479603143630849,r_topisto,R. Topisto,7,20,https://twitter.com/r_topisto/status/1487802924592152581,['http://www.topisto.net'],['https://pbs.twimg.com/media/FKW84CiXsAcRWU7.png'],1,https://pbs.twimg.com/media/FKW84CiXsAcRWU7.png,False,0,0,0,,bitcoin,,,,,,,[],,,,
1487802922843111427,1487802922843111427,1643554833000.0,2022-01-30 20:30:33,+0530,,22.90 #Bitcoin  https://t.co/BtW5QjSccG,und,['bitcoin'],[],1362292528238628865,1362292528238628865,sats_per_yen,sats per yen,7,20,https://twitter.com/sats_per_yen/status/1487802922843111427,[],['https://pbs.twimg.com/media/FKW8379aUAIaSJJ.png'],1,https://pbs.twimg.com/media/FKW8379aUAIaSJJ.png,False,0,0,0,,bitcoin,,,,,,,[],,,,
1487802920355700741,1487795263657975815,1643554832000.0,2022-01-30 20:30:32,+0530,,"@leadlagreport #Bitcoin is the future, not just faith or a religion of blind followers. Every true revolution is spontaneous and never forced. But at first few realize it until it reaches the point of non-return and become inevitable. Few understand this. Really few ...",en,['bitcoin'],[],157093923,157093923,SatZakamoto,Zakamoto ‚àû/21M,7,20,https://twitter.com/SatZakamoto/status/1487802920355700741,[],[],0,,False,0,0,0,,bitcoin,,,,,,,"[{'screen_name': 'leadlagreport', 'name': 'Michael A. Gayed, CFA', 'id': '227755413'}]",,,,
1487802920275898369,1487802920275898369,1643554832000.0,2022-01-30 20:30:32,+0530,,Economic mismanagement and conflict will drive an increasing number of people towards this same realisation and #Bitcoin adoption is likely to accelerate.  You all should Follow @Tradeosiann he knows his stuff when it comes to #Crypto his tweet have been really helpful so far üéä,en,"['bitcoin', 'crypto']",[],1474415264175329282,1474415264175329282,ScannerBingo,Bingo Crypto Scanner,7,20,https://twitter.com/ScannerBingo/status/1487802920275898369,[],[],0,,False,0,0,0,,bitcoin,,,,,,,[],,,,
1487802919378432007,1487802919378432007,1643554832000.0,2022-01-30 20:30:32,+0530,,"Crypto Tech Trends in 2022: UX, Scalability, Metaverse Applications, and Bitcoin Integrations. Via C... -  https://t.co/mvTBcfYL8E #CryptocurrencyNews #cryptocurrency #Crypto #CryptoNews #bitcoin",en,"['cryptocurrencynews', 'cryptocurrency', 'crypto', 'cryptonews', 'bitcoin']",[],1143109825930375168,1143109825930375168,DigitalMoneyBo1,DigitalMoneyBox,7,20,https://twitter.com/DigitalMoneyBo1/status/1487802919378432007,['https://www.digitalmoneybox.com/news/bitcoin/crypto-tech-trends-in-2022-ux-scalability-metaverse-applications-and-bitcoin-integrations'],[],0,,False,0,0,0,,bitcoin,,,,,,,[],,,,
1487802908661927940,1487802908661927940,1643554830000.0,2022-01-30 20:30:30,+0530,,BTC hourly update $38110.11    |    -0.09%üìâ $BTC #BTCUSD #Bitcoin,en,"['btcusd', 'bitcoin']",['btc'],928370706051747841,928370706051747841,BtcPulse,BTC Pulse,7,20,https://twitter.com/BtcPulse/status/1487802908661927940,[],[],0,,False,0,0,0,,bitcoin,,,,,,,[],,,,
1487802908179836933,1487802908179836933,1643554830000.0,2022-01-30 20:30:30,+0530,,"This project is peak and running smoothly for long time. The project is handled by the project team and their very hard working #CPLAY, #IDO, #CryptoPlayStore, #Bitcoin, #BinanceSmartChain, #Cryptocurrency ( https://t.co/daVP9Tyb7q)",en,"['cplay', 'ido', 'cryptoplaystore', 'bitcoin', 'binancesmartchain', 'cryptocurrency']",[],1403709041650536451,1403709041650536451,AnujSai41362040,Anuj Saini,7,20,https://twitter.com/AnujSai41362040/status/1487802908179836933,['http://www.cplay.network'],[],0,,False,0,0,0,,bitcoin,,,,,,,[],,,,
1487802906040582144,1487802906040582144,1643554829000.0,2022-01-30 20:30:29,+0530,,"New Mayor of New York just got his first paycheck ‚Äì in #bitcoin. Eric Adams says he‚Äôll take two more that way, too. He‚Äôs determined to make #NYC the ‚Äúcenter of #cryptocurrency.‚Äù How can crypto prices not rise with trends like these?",en,"['bitcoin', 'nyc', 'cryptocurrency']",[],16134476,16134476,ricedelman,Ric Edelman,7,20,https://twitter.com/ricedelman/status/1487802906040582144,[],[],0,,False,0,0,0,,bitcoin,,,,,,,[],,,,
1487802904312688647,1487802904312688647,1643554829000.0,2022-01-30 20:30:29,+0530,,"Theta Network $THETA Price IDR: Rp 42,932 Price USD: US$2.98 High USD: US$ 3.1 Low USD: US$ 2.91 Change 1 H: -2.1% Change 24 H: 0.4%  Earn free Bitcoin  https://t.co/dIf5Hbxu2x  ‡πÄ‡∏ï‡∏ô‡∏¥‡∏ß",en,[],['theta'],1267638231996104704,1267638231996104704,GetCuan,Get Cuan,7,20,https://twitter.com/GetCuan/status/1487802904312688647,['https://bit.ly/3jv7FXr'],[],0,,False,0,0,0,,bitcoin,,,,,,,[],,,,
1487802897354342402,1487802897354342402,1643554827000.0,2022-01-30 20:30:27,+0530,,"Trending on #LunarCrush:  ""Bitcoin, Ethereum and here‚Äôs what else are the top picks of the ultra-rich"" via @CryptoAmb  Top coin mentions $btc $eth   https://t.co/BomLZ3cqbz",en,['lunarcrush'],"['btc', 'eth']",1451468970465259526,1451468970465259526,Sirohoang22,Sirohoang,7,20,https://twitter.com/Sirohoang22/status/1487802897354342402,['https://lnr.app/s/aJrVBd'],[],0,,False,0,0,0,,bitcoin,,,,,,,[],,,,
1487802894816526343,1487765697283432453,1643554826000.0,2022-01-30 20:30:26,+0530,,@100trillionUSD I think your analysis has a major flaw. You're comparing professional Bitcoin to Retail Bitcoin. It seems that it's not the same Bitcoin anymore.,en,[],[],209971999,209971999,alexferdean,Andy Ferdean,7,20,https://twitter.com/alexferdean/status/1487802894816526343,[],[],0,,False,0,0,0,,bitcoin,,,,,,,"[{'screen_name': '100trillionUSD', 'name': 'PlanB', 'id': '918804624303382528'}]",,,,
1487802893331832832,1487802893331832832,1643554826000.0,2022-01-30 20:30:26,+0530,,Bitcoin at Binance $BTC  https://t.co/lNquhz8w4Z,en,[],['btc'],1327716041733124096,1327716041733124096,day_bitcoin,bitcoin charts every 2 hours,7,20,https://twitter.com/day_bitcoin/status/1487802893331832832,[],['https://pbs.twimg.com/media/FKW810oWUAQsrrv.jpg'],1,https://pbs.twimg.com/media/FKW810oWUAQsrrv.jpg,False,0,0,0,,bitcoin,,,,,,,[],,,,
1487802892316823563,1487802892316823563,1643554826000.0,2022-01-30 20:30:26,+0530,,"Un pr√™t hypoth√©caire en #crypto ! Os√©, mais ce que propose l'#insurtech de Miami @MiloCredit   On ne sait toutefois pas ce qui se passe en cas d'effondrement du cours du #bitcoin :  https://t.co/IoDcjDgVFG  #digital #assurance #innovation  https://t.co/jCGLtiTi93",fr,"['crypto', 'insurtech', 'bitcoin', 'digital', 'assurance', 'innovation']",[],1004002310866001926,1004002310866001926,eficiens,"""Digital & Assurance"" par Eficiens",7,20,https://twitter.com/eficiens/status/1487802892316823563,['https://buff.ly/3glun1H'],['https://pbs.twimg.com/media/FKW82CnXwAAC4uu.jpg'],1,https://pbs.twimg.com/media/FKW82CnXwAAC4uu.jpg,False,0,0,0,,bitcoin,,,,,,,[],,,,
1487802882120372225,1487802882120372225,1643554823000.0,2022-01-30 20:30:23,+0530,,#linkedin #twitter #facebook #instagram #tumblr #socialmedia #pinterest #dogecoin #reddit #present #gift #gifts #giftideas #shop #shopping #affiliatemarketing #bitcoin #ad #baskets  https://t.co/dnN7uRmi6e,und,"['linkedin', 'twitter', 'facebook', 'instagram', 'tumblr', 'socialmedia', 'pinterest', 'dogecoin', 'reddit', 'present', 'gift', 'gifts', 'giftideas', 'shop', 'shopping', 'affiliatemarketing', 'bitcoin', 'ad', 'baskets']",[],617853906,617853906,bmurphypointman,Brett Murphy,7,20,https://twitter.com/bmurphypointman/status/1487802882120372225,['https://bit.ly/3sKlNOR'],[],0,,False,0,0,0,,bitcoin,,,,,,,[],,,,
1487802880878956546,1487802880878956546,1643554823000.0,2022-01-30 20:30:23,+0530,,#businesstips #bitcoin #tumblr #twitter #facebook #instagram #dogecoin #socialmedia #tiktok #doge #deal #gift #gifts #giftideas #shop #shopping #affiliatemarketing  #popcorn  https://t.co/3dP3OAwNjQ,und,"['businesstips', 'bitcoin', 'tumblr', 'twitter', 'facebook', 'instagram', 'dogecoin', 'socialmedia', 'tiktok', 'doge', 'deal', 'gift', 'gifts', 'giftideas', 'shop', 'shopping', 'affiliatemarketing', 'popcorn']",[],617853906,617853906,bmurphypointman,Brett Murphy,7,20,https://twitter.com/bmurphypointman/status/1487802880878956546,['https://bit.ly/2Mdaiiy'],[],0,,False,0,0,0,,bitcoin,,,,,,,[],,,,
1487802879515713543,1487667425399435265,1643554823000.0,2022-01-30 20:30:23,+0530,,@beedexfinance @airdropinspect @taakhertenagh @dkhtrbabayy1 @Bitcoin @astronauttoken,und,[],[],1436326261329211392,1436326261329211392,keyhan41881184,keyhan,7,20,https://twitter.com/keyhan41881184/status/1487802879515713543,[],[],0,,False,0,0,0,,bitcoin,,,,,,,"[{'screen_name': 'beedexfinance', 'name': 'BEEDEX FINANCE', 'id': '1450049575411015684'}]",,,,
1487802879033421831,1487802879033421831,1643554823000.0,2022-01-30 20:30:23,+0530,,"üìàAnalysis January 30thüìà  The current price of $BTC is 37843.54$ (‚¨Ü0.69%), and its dominance is 43.20%.   The market sentiment is at 29 points [üî¥Fear].   Total #crypto market cap is üí∞1.65 trillion $üí∞ approx.  #bitcoin  https://t.co/UFCB4B5I1W",en,"['crypto', 'bitcoin']",['btc'],1484547220326293506,1484547220326293506,ChartingBot,ChartingBot,7,20,https://twitter.com/ChartingBot/status/1487802879033421831,[],['https://pbs.twimg.com/media/FKW81YDWYAcFO4r.png'],1,https://pbs.twimg.com/media/FKW81YDWYAcFO4r.png,False,0,0,0,,bitcoin,,,,,,,[],,,,
1487802878936772610,1487802878936772610,1643554823000.0,2022-01-30 20:30:23,+0530,,"Still choppy waters for #Bitcoin¬†. Looking at $37K to see whether that sustains. If not -&gt; I'm assuming we'll test lows for daily bullish divergence to create. If we hold, we might see a breaker above $38.5K happening  Thankyou to @Tradeosiann For all their updates on #Crypto s",en,"['bitcoin', 'crypto']",[],1364424253953597440,1364424253953597440,Cryptozuv,Crypto_,7,20,https://twitter.com/Cryptozuv/status/1487802878936772610,[],[],0,,False,0,1,0,,bitcoin,,,,,,,[],,,,
1487802875644362760,1487802875644362760,1643554822000.0,2022-01-30 20:30:22,+0530,,"Justin Bieber, 1.3 Milyon Dolar √ñdeyerek Bir Bored Ape Yacht Club NFT'si Satƒ±n Aldƒ±  #NFT #Bitcoin  https://t.co/WQdO1jsp9m",tr,"['nft', 'bitcoin']",[],962422857899954177,962422857899954177,bitcoinsistemi,Bitcoin Sistemi,7,20,https://twitter.com/bitcoinsistemi/status/1487802875644362760,['https://www.bitcoinsistemi.com/justin-bieber-1-3-milyon-dolar-odeyerek-bir-bored-ape-yacht-club-nftsi-satin-aldi/'],[],0,,False,1,1,0,,bitcoin,,,,,,,[],,,,
1487802873920442368,1487802873920442368,1643554821000.0,2022-01-30 20:30:21,+0530,,1 BTC Price: Bitstamp 37867.98 USD #BTC #Bitcoin 2022-01-30 10:00  https://t.co/DTuCcMzpQI,en,"['btc', 'bitcoin']",[],2232163009,2232163009,coinok,CoinOK,7,20,https://twitter.com/coinok/status/1487802873920442368,[],['https://pbs.twimg.com/media/FKW81IdVgAYwhLm.jpg'],1,https://pbs.twimg.com/media/FKW81IdVgAYwhLm.jpg,False,0,0,0,,bitcoin,,,,,,,[],,,,
1487802873324912650,1487802873324912650,1643554821000.0,2022-01-30 20:30:21,+0530,,Hash rate moon smart contract Bitcoin node rekt exchange Ethereum tokenomics Monero Szabo. Lambo non-fungible token Asmap op return Lightning Bitcoin hash rate. Bitcoin pseudonymous BIP smart contract halving blockchain Lightning Monero exc,en,[],[],1117919622613884938,1117919622613884938,LoremCrypto,LoremCrypto,7,20,https://twitter.com/LoremCrypto/status/1487802873324912650,[],[],0,,False,0,0,0,,bitcoin,,,,,,,[],,,,
1487802873249509378,1487802873249509378,1643554821000.0,2022-01-30 20:30:21,+0530,,"BOT by UpTrend BTCUSD M5 at 37846 January 31, 2022 at 12:00AM  #GOLD #BTCUSD #„Ç¥„Éº„É´„Éâ #„Éì„ÉÉ„Éà„Ç≥„Ç§„É≥ #XAUUSD #Bitcoin",en,"['gold', 'btcusd', '„Ç¥„Éº„É´„Éâ', '„Éì„ÉÉ„Éà„Ç≥„Ç§„É≥', 'xauusd', 'bitcoin']",[],144327185,144327185,pitopitomm,„Éî„Éà„Éû„É´@„Ç¥„Éº„É´„ÉâBTC„Éû„Ç≠„Ç∑„Éû„É†„Éâ„É©„Ç§„Éñ,7,20,https://twitter.com/pitopitomm/status/1487802873249509378,[],[],0,,False,0,0,0,,bitcoin,,,,,,,[],,,,
1487802872771354631,1487802872771354631,1643554821000.0,2022-01-30 20:30:21,+0530,,"Pre√ßo do Bitcoin:  37.829,71   U$      205.606,18 R$    Binance 206.543,29 R$    Biscoint 205.830,00 R$    BitPre√ßo  Varia√ß√£o 24H    : 0.61% Varia√ß√£o 7Dias  : 7.18%  #bitcoin",pt,['bitcoin'],[],1349887905003659265,1349887905003659265,BitcoinPreco,‚ÇøitcoinPre√ßo,7,20,https://twitter.com/BitcoinPreco/status/1487802872771354631,[],[],0,,False,0,0,0,,bitcoin,,,,,,,[],,,,
1487802871345262595,1487798784021221380,1643554821000.0,2022-01-30 20:30:21,+0530,,@JasonPLowery This is why I usually say that all other chains should be PoS and Bitcoin PoW because you really only need one. Bitcoin secures the entire market because there‚Äôs no point for sovereigns to attack any other blockchain if Bitcoin is still up.,en,[],[],1464542812997918721,1464542812997918721,EGLDStacker,SonOfSatoshi üáßüá∑,7,20,https://twitter.com/EGLDStacker/status/1487802871345262595,[],[],0,,False,0,0,0,,bitcoin,,,,,,,"[{'screen_name': 'JasonPLowery', 'name': 'Jason Lowery', 'id': '1425531375751421952'}]",,,,
1487802870560874500,1487802870560874500,1643554821000.0,2022-01-30 20:30:21,+0530,,Costs of Making Bitcoin Legal Tender Outweigh Potential Benefits ‚Äì Regulation Bitcoin¬†News  https://t.co/3dqdi1WKNS,en,[],[],948285950509158400,948285950509158400,academie_educ,ŸÖŸàŸÇÿπ ŸÖÿØÿ±ÿ≥ÿ™Ÿä ÿßŸÑÿ¨ÿ≤ÿßÿ¶ÿ±Ÿäÿ© ŸÑŸÑÿØÿ±ÿßÿ≥ÿ© ŸàÿßŸÑÿ™ÿπŸÑŸäŸÖ ŸÅŸä ÿßŸÑÿ¨ÿ≤ÿßÿ¶ÿ±,7,20,https://twitter.com/academie_educ/status/1487802870560874500,['https://bombuzz.xyz/costs-of-making-bitcoin-legal-tender-outweigh-potential-benefits-regulation-bitcoin-news/'],[],0,,False,0,0,0,,bitcoin,,,,,,,[],,,,
1487802869952794627,1487802869952794627,1643554820000.0,2022-01-30 20:30:20,+0530,,"üïê 12:00  D√≥lar Comercial (#USD): R$5,37 | -0,72%  Euro (#EUR): R$5,98 | -0,66%  Libra Esterlina (#GBP): R$7,20 | -0,55%  Peso Argentino (#ARS): R$0,05 | -0,78%  Yuan Chin√™s (#CNY): R$0,84 | -0,62%  Bitcoin (#BTC): R$206,25 | 1,11%",pt,"['usd', 'eur', 'gbp', 'ars', 'cny', 'btc']",[],1336671338329726977,1336671338329726977,MoneyBotBR,Cota√ß√µes de Moedas ü§ñ,7,20,https://twitter.com/MoneyBotBR/status/1487802869952794627,[],[],0,,False,0,0,0,,bitcoin,,,,,,,[],,,,
1487802863032193028,1487802863032193028,1643554819000.0,2022-01-30 20:30:19,+0530,,"Mining is one of the two ways of acquiring bitcoin. And 90% of bitcoin mining happens in 9 countries, none of them in Africa. How can bitcoin mining become more popular in Nigeria?  https://t.co/ceZRtf9tzu",en,[],[],2857405981,2857405981,StearsBusiness,Stears Business,7,20,https://twitter.com/StearsBusiness/status/1487802863032193028,['https://www.stearsng.com/premium/article/what-will-it-take-to-mine-bitcoin-in-nigeria'],[],0,,False,0,0,0,,bitcoin,,,,,,,[],,,,
1487802860217712644,1486707668765097984,1643554818000.0,2022-01-30 20:30:18,+0530,,"@ExcelTrading1 @Philip_Richy1 @Limanliman0 @TheAgainstAll I hope everyone's been accumulating as much #Bitcoin¬† as they can - things are about to get Bullish As Fuck.   That‚Äôs why I follow @Eter95 he knows his stuff when it come to Bitcoin, his tweets, tips and predictions have been helpful, thanks for taking your time to educate us all",en,['bitcoin'],[],122823693,122823693,fiukmeadota,Fiuk me adota,7,20,https://twitter.com/fiukmeadota/status/1487802860217712644,[],[],0,,False,0,0,0,,bitcoin,,,,,,,"[{'screen_name': 'ExcelTrading1', 'name': '#Bitcoin Charts | Education | News | Giveaways $üöÄ', 'id': '1329903945825873921'}, {'screen_name': 'Philip_Richy1', 'name': 'üßô\u200d‚ôÇÔ∏è üèåÔ∏è Philip üëÄ', 'id': '2578208631'}, {'screen_name': 'Limanliman0', 'name': 'Liman', 'id': '1460297160369455105'}, {'screen_name': 'TheAgainstAll', 'name': 'TheAgainstAll üí®', 'id': '1452205709265883136'}]",,,,
1487802860188307461,1487544888833060866,1643554818000.0,2022-01-30 20:30:18,+0530,,"@SonOfTheSunBTC Great thread. going to a Bitcoin meetup for the first time today and taking my one bitcoin buddy with me. We are in the same boat generally. My family is cool with Bitcoin, they bought some. but they don't read. Just see it as digital gold. I wish they would stop floating...",en,[],[],1400536877170511873,1400536877170511873,kobiduran,"Ulric Pattillo, III",7,20,https://twitter.com/kobiduran/status/1487802860188307461,[],[],0,,False,0,0,0,,bitcoin,,,,,,,"[{'screen_name': 'SonOfTheSunBTC', 'name': '¬ßonOfThe¬ßun \U0001f7e9 \U0001f7e7', 'id': '1311677029889331202'}]",,,,
1487802857340514311,1487788353428893702,1643554817000.0,2022-01-30 20:30:17,+0530,,@AltcoinAdvisor_ @BlueSparrowETH #bluesparrow will take over the world The world and governments must adapt themselves with #Bluesparrow #ETH #BlueSparrow #BlueSparrowtoken #BlueSparrowCommunity #BestDrawToken #Bluesparrowcharity @BlueSparrowETH #web3 #Bitcoin    https://t.co/6iMUSKHdEJ üî•üî•üî•jw9w of xv d,en,"['bluesparrow', 'bluesparrow', 'eth', 'bluesparrow', 'bluesparrowtoken', 'bluesparrowcommunity', 'bestdrawtoken', 'bluesparrowcharity', 'web3', 'bitcoin']",[],1479148296174247942,1479148296174247942,karvansara9,MOHAMMAD,7,20,https://twitter.com/karvansara9/status/1487802857340514311,[],['https://pbs.twimg.com/media/FJRLZOMXEAk6cVm.png'],1,https://pbs.twimg.com/media/FJRLZOMXEAk6cVm.png,False,0,0,0,,bitcoin,,,,,,,"[{'screen_name': 'AltcoinAdvisor_', 'name': 'Altcoin Advisor', 'id': '733600154792697856'}, {'screen_name': 'BlueSparrowETH', 'name': 'BlueSparrow Official', 'id': '1452266182451531781'}]",,,,
1487802856551829508,1487802856551829508,1643554817000.0,2022-01-30 20:30:17,+0530,,A very big thankyou to @Tradeosiann  for giving me tip about #MATIC and #Bitcoin rise as i got a lot  profit in my portfolio after long days. A huge thankyou to you. #trading #BAT $TOMO $AXS #THETA $THETA #NFT #BTC #DOGE #USDTss,en,"['matic', 'bitcoin', 'trading', 'bat', 'theta', 'nft', 'btc', 'doge', 'usdtss']","['tomo', 'axs', 'theta']",1479379226453168129,1479379226453168129,CryptoVihat,Crypto Vihat,7,20,https://twitter.com/CryptoVihat/status/1487802856551829508,[],[],0,,False,0,0,0,,bitcoin,,,,,,,[],,,,
1487802856463904772,1487788353428893702,1643554817000.0,2022-01-30 20:30:17,+0530,,@AltcoinAdvisor_ @BlueSparrowETH #bluesparrow will take over the world The world and governments must adapt themselves with #Bluesparrow #ETH #BlueSparrow #BlueSparrowtoken #BlueSparrowCommunity #BestDrawToken #Bluesparrowcharity @BlueSparrowETH #web3 #Bitcoin    https://t.co/6iMUSKHdEJ üî•üî•üî•hshs8xvdv,en,"['bluesparrow', 'bluesparrow', 'eth', 'bluesparrow', 'bluesparrowtoken', 'bluesparrowcommunity', 'bestdrawtoken', 'bluesparrowcharity', 'web3', 'bitcoin']",[],1479148296174247942,1479148296174247942,karvansara9,MOHAMMAD,7,20,https://twitter.com/karvansara9/status/1487802856463904772,[],['https://pbs.twimg.com/media/FJRLZOMXEAk6cVm.png'],1,https://pbs.twimg.com/media/FJRLZOMXEAk6cVm.png,False,0,0,0,,bitcoin,,,,,,,"[{'screen_name': 'AltcoinAdvisor_', 'name': 'Altcoin Advisor', 'id': '733600154792697856'}, {'screen_name': 'BlueSparrowETH', 'name': 'BlueSparrow Official', 'id': '1452266182451531781'}]",,,,
1487802855406936066,1487788353428893702,1643554817000.0,2022-01-30 20:30:17,+0530,,@AltcoinAdvisor_ @BlueSparrowETH #ETH #BlueSparrow #BlueSparrowtoken #BlueSparrowCommunity #BestDrawToken #Bluesparrowcharity @BlueSparrowETH #web3 #Bitcoin  https://t.co/qiKWh3fun4 BsisbxA,vi,"['eth', 'bluesparrow', 'bluesparrowtoken', 'bluesparrowcommunity', 'bestdrawtoken', 'bluesparrowcharity', 'web3', 'bitcoin']",[],1479148296174247942,1479148296174247942,karvansara9,MOHAMMAD,7,20,https://twitter.com/karvansara9/status/1487802855406936066,[],['https://pbs.twimg.com/media/FJRf2mrXIAEDZWa.jpg'],1,https://pbs.twimg.com/media/FJRf2mrXIAEDZWa.jpg,False,0,0,0,,bitcoin,,,,,,,"[{'screen_name': 'AltcoinAdvisor_', 'name': 'Altcoin Advisor', 'id': '733600154792697856'}, {'screen_name': 'BlueSparrowETH', 'name': 'BlueSparrow Official', 'id': '1452266182451531781'}]",,,,
1487802854396112901,1487660190392631299,1643554817000.0,2022-01-30 20:30:17,+0530,,"@ragingpanda_sa @attorneyjeremy1 @CryptoLawUS @JohnEDeaton1 They can't call all crypto ""securities"".  Nano wasn't sold. Not through an ICO, not at all.  #Nano $XNO is clear, free and away.  This is not accidental. #Nano was designed to solve #Bitcoin $BTC's faults.   To crush #Bitcoin $BTC.   It will.",en,"['nano', 'nano', 'bitcoin', 'bitcoin']","['xno', 'btc', 'btc']",459138400,459138400,MartinAudley,if(BTC.IsSoV) {Titanic.IsStoreOfPassengers=true;};,7,20,https://twitter.com/MartinAudley/status/1487802854396112901,[],[],0,,False,0,0,0,,bitcoin,,,,,,,"[{'screen_name': 'ragingpanda_sa', 'name': 'Karabo Phoshokoüáøüá¶', 'id': '957881845424775169'}, {'screen_name': 'attorneyjeremy1', 'name': 'Jeremy Hogan', 'id': '995678645762093056'}, {'screen_name': 'CryptoLawUS', 'name': 'CryptoLaw', 'id': '1364275650513747974'}, {'screen_name': 'JohnEDeaton1', 'name': 'John E Deaton', 'id': '1079853966681346048'}]",,,,
1487802853582426115,1487788353428893702,1643554816000.0,2022-01-30 20:30:16,+0530,,@AltcoinAdvisor_ @BlueSparrowETH #ETH #BlueSparrow #BlueSparrowtoken #BlueSparrowCommunity #BestDrawToken #Bluesparrowcharity @BlueSparrowETH #web3 #Bitcoin  https://t.co/qiKWh3fun4 Abdidbdvsv,sv,"['eth', 'bluesparrow', 'bluesparrowtoken', 'bluesparrowcommunity', 'bestdrawtoken', 'bluesparrowcharity', 'web3', 'bitcoin']",[],1479148296174247942,1479148296174247942,karvansara9,MOHAMMAD,7,20,https://twitter.com/karvansara9/status/1487802853582426115,[],['https://pbs.twimg.com/media/FJRf2mrXIAEDZWa.jpg'],1,https://pbs.twimg.com/media/FJRf2mrXIAEDZWa.jpg,False,0,0,0,,bitcoin,,,,,,,"[{'screen_name': 'AltcoinAdvisor_', 'name': 'Altcoin Advisor', 'id': '733600154792697856'}, {'screen_name': 'BlueSparrowETH', 'name': 'BlueSparrow Official', 'id': '1452266182451531781'}]",,,,
